{
  "iterations": 1200,
  "utf8": {
    "tDecode": 297.28333349339664,
    "tDOM": 2116.3749989743037,
    "tTotal": 2413.6583324677003,
    "iters": 600
  },
  "utf16": {
    "tDecode": 173.88333333656192,
    "tDOM": 2126.7416685198746,
    "tTotal": 2300.6250018564365,
    "iters": 600
  }
}
