{
  "iterations": 1200,
  "utf8": {
    "tDecode": 116.8083306401968,
    "tDOM": 1771.8000011518598,
    "tTotal": 1888.6083317920566,
    "iters": 600
  },
  "utf16": {
    "tDecode": 441.0833345415692,
    "tDOM": 1698.824999233087,
    "tTotal": 2139.908333774656,
    "iters": 600
  }
}
