{
  "iterations": 1200,
  "utf8": {
    "tDecode": 86.66666666666667,
    "tDOM": 4086.666666666667,
    "tTotal": 4173.333333333334,
    "iters": 600
  },
  "utf16": {
    "tDecode": 126.66666666666667,
    "tDOM": 4016.666666666667,
    "tTotal": 4143.333333333334,
    "iters": 600
  }
}
